{
    "final_accuracy": 71.25,
    "final_accuracy_per_class": {
        "plane": 72.4,
        "car": 82.9,
        "bird": 62.5,
        "cat": 50.2,
        "deer": 67.7,
        "dog": 60.0,
        "frog": 80.2,
        "horse": 72.6,
        "ship": 85.5,
        "truck": 78.5
    },
    "total_time_test": 13.663126468658447,
    "images_per_second": 731.8969068272028,
    "peaky_gpu_memory": 36.49072265625,
    "peaky_peaky_gpu_memory_percentage": 0.0029711942886658797,
    "data_loading_ratio": 70.63690142754224,
    "compute_ratio": 0.15017244049127,
    "time_per_batch": [
        11.856012344360352,
        11.93481969833374,
        11.942819595336914,
        11.949819087982178,
        11.95881986618042,
        11.966818571090698,
        11.9738187789917,
        11.982819080352783,
        11.989818811416626,
        11.999820232391357,
        12.007818937301636,
        12.016823053359985,
        12.024822235107422,
        12.032991170883179,
        12.041990518569946,
        12.047989845275879,
        12.056989908218384,
        12.064990758895874,
        12.072991132736206,
        12.080990314483643,
        12.088990688323975,
        12.096989393234253,
        12.103989362716675,
        12.112991333007812,
        12.120994091033936,
        12.12908935546875,
        12.137088060379028,
        12.14708948135376,
        12.155088663101196,
        12.162088632583618,
        12.170088291168213,
        12.178088188171387,
        12.18608808517456,
        12.195088386535645,
        12.203089952468872,
        12.211089611053467,
        12.217091083526611,
        12.226091384887695,
        12.233161687850952,
        12.241161823272705,
        12.249162435531616,
        12.25716233253479,
        12.267165184020996,
        12.275161743164062,
        12.282161951065063,
        12.290162801742554,
        12.298162698745728,
        12.305162191390991,
        12.314165353775024,
        12.322164297103882,
        12.331377267837524,
        12.339377880096436,
        12.347378492355347,
        12.356379270553589,
        12.364377737045288,
        12.371376991271973,
        12.380377292633057,
        12.387377500534058,
        12.396379232406616,
        12.404378175735474,
        12.412378549575806,
        12.420381307601929,
        12.4295814037323,
        12.437581539154053,
        12.445580959320068,
        12.453580856323242,
        12.461580991744995,
        12.469581842422485,
        12.477581977844238,
        12.486580848693848,
        12.495582103729248,
        12.503581762313843,
        12.51058053970337,
        12.518583059310913,
        12.525583982467651,
        12.532682180404663,
        12.54068374633789,
        12.547683000564575,
        12.644739627838135
    ],
    "mean_time_per_batch": 12.242692944369738,
    "std_time_per_batch": 0.18841622244654693,
    "Data loading": "metricas para carregar os dados a cada batch",
    "total_data_loading_time": 965.12091755867,
    "mean_batch_data_loading_times": 12.216720475426204,
    "std_batch_data_loading_times": 0.31472333166812977,
    "batch_data_loading_times": [
        9.942561388015747,
        11.933818578720093,
        11.942819595336914,
        11.949819087982178,
        11.95881986618042,
        11.966818571090698,
        11.9738187789917,
        11.981818437576294,
        11.989818811416626,
        11.99881911277771,
        12.00682258605957,
        12.01582407951355,
        12.023821592330933,
        12.031989574432373,
        12.040990114212036,
        12.047989845275879,
        12.055989265441895,
        12.064990758895874,
        12.072991132736206,
        12.079991340637207,
        12.087989568710327,
        12.095990180969238,
        12.103989362716675,
        12.111990213394165,
        12.119994163513184,
        12.127994298934937,
        12.136088132858276,
        12.146089315414429,
        12.154088258743286,
        12.162088632583618,
        12.170088291168213,
        12.178088188171387,
        12.18608808517456,
        12.194088697433472,
        12.202088117599487,
        12.210088014602661,
        12.217091083526611,
        12.225091218948364,
        12.233161687850952,
        12.241161823272705,
        12.249162435531616,
        12.25716233253479,
        12.266161918640137,
        12.274161577224731,
        12.282161951065063,
        12.290162801742554,
        12.298162698745728,
        12.305162191390991,
        12.314165353775024,
        12.322164297103882,
        12.330377101898193,
        12.338377475738525,
        12.346377611160278,
        12.355377435684204,
        12.363377094268799,
        12.371376991271973,
        12.379377365112305,
        12.387377500534058,
        12.39537787437439,
        12.403377294540405,
        12.411376953125,
        12.419381141662598,
        12.42838191986084,
        12.436581134796143,
        12.444581747055054,
        12.45258092880249,
        12.460580825805664,
        12.468580722808838,
        12.476581335067749,
        12.486580848693848,
        12.4945809841156,
        12.502580881118774,
        12.51058053970337,
        12.517583131790161,
        12.524583578109741,
        12.532682180404663,
        12.53968358039856,
        12.546681642532349,
        12.553682327270508
    ],
    "Compute": "metricas para processar os dados a cada batch",
    "total_compute_time": 2.0518250465393066,
    "mean_batch_compute_times": 0.025972468943535526,
    "std_batch_compute_times": 0.2139544111647397,
    "batch_compute_times": [
        1.9134509563446045,
        0.001001119613647461,
        0.0,
        0.0,
        0.0,
        0.0,
        0.0,
        0.0010006427764892578,
        0.0,
        0.001001119613647461,
        0.0009963512420654297,
        0.0009989738464355469,
        0.0010006427764892578,
        0.001001596450805664,
        0.0010004043579101562,
        0.0,
        0.0010006427764892578,
        0.0,
        0.0,
        0.0009989738464355469,
        0.001001119613647461,
        0.0009992122650146484,
        0.0,
        0.001001119613647461,
        0.0009999275207519531,
        0.0010950565338134766,
        0.0009999275207519531,
        0.0010001659393310547,
        0.0010004043579101562,
        0.0,
        0.0,
        0.0,
        0.0,
        0.0009996891021728516,
        0.0010018348693847656,
        0.001001596450805664,
        0.0,
        0.0010001659393310547,
        0.0,
        0.0,
        0.0,
        0.0,
        0.001003265380859375,
        0.0010001659393310547,
        0.0,
        0.0,
        0.0,
        0.0,
        0.0,
        0.0,
        0.0010001659393310547,
        0.0010004043579101562,
        0.0010008811950683594,
        0.0010018348693847656,
        0.0010006427764892578,
        0.0,
        0.0009999275207519531,
        0.0,
        0.0010013580322265625,
        0.0010008811950683594,
        0.001001596450805664,
        0.0010001659393310547,
        0.001199483871459961,
        0.0010004043579101562,
        0.0009992122650146484,
        0.0009999275207519531,
        0.0010001659393310547,
        0.001001119613647461,
        0.0010006427764892578,
        0.0,
        0.001001119613647461,
        0.0010008811950683594,
        0.0,
        0.0009999275207519531,
        0.0010004043579101562,
        0.0,
        0.0010001659393310547,
        0.0010013580322265625,
        0.09105730056762695
    ]
}