{
    "final_accuracy": 71.25,
    "final_accuracy_per_class": {
        "plane": 72.4,
        "car": 82.9,
        "bird": 62.5,
        "cat": 50.2,
        "deer": 67.7,
        "dog": 60.0,
        "frog": 80.2,
        "horse": 72.6,
        "ship": 85.5,
        "truck": 78.5
    },
    "total_time_test": 11.359708070755005,
    "images_per_second": 880.3043121983474,
    "peaky_gpu_memory": 36.49072265625,
    "peaky_peaky_gpu_memory_percentage": 0.0029711942886658797,
    "data_loading_ratio": 72.57805270357142,
    "compute_ratio": 0.02574176686013698,
    "Data loading": "metricas para carregar os dados a cada batch",
    "total_data_loading_time": 824.4654910564423,
    "mean_batch_data_loading_times": 10.436272038689143,
    "std_batch_data_loading_times": 0.21705411801989202,
    "Compute": "metricas para processar os dados a cada batch",
    "total_compute_time": 0.2924189567565918,
    "mean_batch_compute_times": 0.00370150578172901,
    "std_batch_compute_times": 0.019202744513335365
}